media_names_valid		
FAM_LL		
FAM_LR		
FAM_RL		
FAM_RR		
IG_LL		
IG_LL_ExitLeft_INC		
IG_LL_ExitRight_CON		
IG_LR		
IG_LR_ExitLeft_CON		
IG_LR_ExitRight_INC		
IG_LR_new		
IG_RL		
IG_RL_ExitLeft_INC		
IG_RL_ExitRight_CON		
IG_RL_new		
IG_RR		
IG_RR_ExitLeft_CON		
IG_RR_ExitRight_INC		
IG_RR_new		
KNOW_LL		
KNOW_LL_ExitLeft_INC		
KNOW_LL_ExitRight_CON		
KNOW_LL_new		
KNOW_LR		
KNOW_LR_ExitLeft_CON		
KNOW_LR_ExitRight_INC		
KNOW_LR_new		
KNOW_RL		
KNOW_RL_ExitLeft_INC		
KNOW_RL_ExitRight_CON		
KNOW_RL_ExitRight_CON_new		
KNOW_RL_new		
KNOW_RR		
KNOW_RR_ExitLeft_CON		
KNOW_RR_ExitRight_INC		
KNOW_RR_new		